office_name,email
Patel Dental,team@pateldentalandimplants.com
Dr Greeson,info@greesondentistry.com
Dr Vosser,office@vossersortho.com
Piedmont Oral,mrecords@piedmontoral.com
Piedmont Oral,brecords@piedmontoral.com
Dr Jepko,referrals@drjepko.com
Dr Jepko,clinical@drjepko.com
Capital OFS,info@capitalofs.com
Relax DDS,info@relaxdds.com
Smiles R Fun,rmc1984@smilesrfun.com
Mebane PC,mebanepc@brushandfloss.com
LPB Smiles,info@lpbsmiles.com
Sonarava,4464mne@sonrava.com
Alamance CC,dentalclinic@alamancecc.edu
Hargis Family Dentistry,frontdesk@hargisfamilydentistry.com
Dr Byerly,frontdesk@burlingtonperio.com
My Smile NC,info@mysmilenc.com
Wallace Dental,wallacedental@yahoo.com
Ben Flowe,benflowe@aol.com
Mebane Dentistry,info@mebanedentistry.com
Aspen Dental,brianna.williamson@aspendental.com
Smith & Heymann Ortho,info@smithandheymann.com
Smith & Heymann Ortho,Lauralynn@Smithandheymann.Com
Perkins Dentistry,perkinsdentistry@yahoo.com
Mack Ortho,info@mackbraces.com
Burlington Dental NC,info@burlingtondentalnc.com
Sachdev & Hogan Dentistry,darlene@sachdevandhogandentistry.com
Doc Mary,frontdesk@docmary.com
GS4U Dental,teresa.garnes@gs4udental.com
HIMIS,himis@hotmail.com
Great Smiles 4 You,hello@greatsmiles4you.com
Aspen Dental,karla.cordle@aspendental.com
Liberty Dentistry,libertydentisty@outlook.com
Mebane Oaks Dental,frontdesk@mebaneoaksdental.com
Dan Cheek DDS,dancheekdds@gmail.com
Dr Tracy Edwards,info@drtracyedwards.com
Saxena Dental,saxenadental@gmail.com
Atkins Family Dentistry,atkinsfamilydentistry@gmail.com
Brush Dailey,office@brushdailey.com
Carolina Cosmetic Dental Care,burlingtonstaff@carolinacosmeticdentalcare.com
Greensboro Perio,info@greensboroperio.com
Troutman Family Dentistry,xrays@troutmanfamilydentistrymebane.com
Mark Kemp Dental,info@markkempdental.com
Mebane Dentist,mebanedentist@yahoo.com
NC Smile,alecia@ncsmile.com
Fuller Dental,frontdesk@fullerdental.com
Wang Family Dentistry,wangfamilydentistry@yahoo.com
Mottinger DDS,mottingerdds@triad.twcbc.com
Dr Brenneman DDS,drbrennemandds@triad.twcbc.com
Durham Orthodontics,info@durhamorthodontics.com
Healthy Smiles of Burlington,healthysmilesofburlington@gmail.com
Rose Family Dentistry,frontdesk@rosefamilydentistrync.com
Smile Burlington,clients@smileburlington.com
Mike C Blankenship DDS,frontdesk@mikecblankenshipdds.com
J Bayliff,jbayliff@embarqmail.com
Monahan Family Dentistry,info@monahanfamilydentistry.com
Gibsonville Family Dentistry,gibsonvillefamilydentistry@hotmail.com
Alamance PD,alamancepd@gmail.com
Graham NC DDS,grahamncdds@gmail.com
Burlington PC,burlingtonpc@brushandfloss.com
Frontdesk,frontdeskinfo@earthlink.net
Alamance Family Dentistry,info@alamancefamilydentistry.com
Patterson Family Dental Care,office@pattersonfamilydentalcare.com
Triangle Implant,ticmebane@triangleimplantcenter.com
